id,fecha,descripcion,monto,tipo,categoria
1,2025-11-20,Sueldo mensual,14243.69,Ingreso,Salario
2,2025-11-20,Sueldo mensual,12998.05,Ingreso,Salario
3,2025-11-19,Home Depot,318.14,Gasto,Hogar
4,2025-11-19,Zara,421.54,Gasto,Ropa
5,2025-11-18,Salida con amigos,411.01,Gasto,Entretenimiento
6,2025-11-18,Liverpool,868.31,Gasto,Ropa
7,2025-11-17,Disney+,297.04,Gasto,Entretenimiento
8,2025-11-16,Luz CFE,1326.29,Gasto,Servicios
9,2025-11-16,Cursos online,2936.63,Gasto,Educación
10,2025-11-15,Teléfono,471.82,Gasto,Servicios
11,2025-11-14,Nike,1459.12,Gasto,Ropa
12,2025-11-13,Reparaciones,2238.61,Gasto,Hogar
13,2025-11-13,Internet,715.8,Gasto,Servicios
14,2025-11-12,Coursera,1705.76,Gasto,Educación
15,2025-11-12,Material escolar,1866.09,Gasto,Educación
16,2025-11-12,Liverpool,493.23,Gasto,Ropa
17,2025-11-11,Cafetería Starbucks,346.61,Gasto,Alimentación
18,2025-11-11,Restaurante comida rápida,350.47,Gasto,Alimentación
19,2025-11-11,Tacos al pastor,340.35,Gasto,Alimentación
20,2025-11-10,Mercado de ropa,1621.95,Gasto,Ropa
21,2025-11-10,Gas,1640.7,Gasto,Servicios
22,2025-11-10,Taxi,423.83,Gasto,Transporte
23,2025-11-09,Decoración,2085.3,Gasto,Hogar
24,2025-11-08,Cine,570.67,Gasto,Entretenimiento
25,2025-11-08,Nike,354.01,Gasto,Ropa
26,2025-11-07,Salida con amigos,426.14,Gasto,Entretenimiento
27,2025-11-07,Electrodomésticos,2828.32,Gasto,Hogar
28,2025-11-07,Farmacia,167.97,Gasto,Salud
29,2025-11-06,Uber,248.59,Gasto,Transporte
30,2025-11-06,Gas,1958.75,Gasto,Servicios
31,2025-11-05,Proyecto freelance,5154.94,Ingreso,Freelance
32,2025-11-05,Reparaciones,2179.21,Gasto,Hogar
33,2025-11-05,Trabajo extra,4852.89,Ingreso,Freelance
34,2025-11-04,Nike,1155.7,Gasto,Ropa
35,2025-11-04,Zara,935.04,Gasto,Ropa
36,2025-11-04,Gym,347.76,Gasto,Servicios
37,2025-11-04,Videojuegos,310.9,Gasto,Entretenimiento
38,2025-11-02,Estacionamiento,269.65,Gasto,Transporte
39,2025-11-02,Estacionamiento,31.55,Gasto,Transporte
40,2025-11-02,Home Depot,1355.9,Gasto,Hogar
41,2025-11-01,Supermercado Walmart,251.41,Gasto,Alimentación
42,2025-11-01,H&M,1041.92,Gasto,Ropa
43,2025-11-01,Streaming,1194.14,Gasto,Servicios
44,2025-11-01,Coursera,1096.61,Gasto,Educación
45,2025-10-31,Taxi,347.41,Gasto,Transporte
46,2025-10-31,Servicio de auto,68.71,Gasto,Transporte
47,2025-10-31,Gas,1518.7,Gasto,Servicios
48,2025-10-31,Uber,281.52,Gasto,Transporte
49,2025-10-30,Subway sandwich,686.83,Gasto,Alimentación
50,2025-10-29,Limpieza hogar,993.35,Gasto,Hogar
51,2025-10-29,Papelería,2706.42,Gasto,Educación
52,2025-10-29,Pizza Dominos,264.5,Gasto,Alimentación
53,2025-10-28,Universidad,676.43,Gasto,Educación
54,2025-10-27,Disney+,564.64,Gasto,Entretenimiento
55,2025-10-27,Luz CFE,983.1,Gasto,Servicios
56,2025-10-26,Netflix,450.82,Gasto,Entretenimiento
57,2025-10-26,Seguro,685.05,Gasto,Servicios
58,2025-10-25,Coursera,338.28,Gasto,Educación
59,2025-10-24,Ropa deportiva,1849.04,Gasto,Ropa
60,2025-10-24,Salida con amigos,376.61,Gasto,Entretenimiento
61,2025-10-23,Material escolar,627.06,Gasto,Educación
62,2025-10-23,Gasolina,54.3,Gasto,Transporte
63,2025-10-23,Disney+,401.87,Gasto,Entretenimiento
64,2025-10-22,Mantenimiento auto,180.25,Gasto,Transporte
65,2025-10-21,Supermercado Walmart,231.43,Gasto,Alimentación
66,2025-10-20,Consulta médica,1447.7,Gasto,Salud
67,2025-10-20,Palacio de Hierro,397.82,Gasto,Ropa
68,2025-10-19,Tacos al pastor,194.03,Gasto,Alimentación
69,2025-10-18,Renta,729.79,Gasto,Servicios
70,2025-10-18,Zapatos,717.5,Gasto,Ropa
71,2025-10-18,Udemy curso,987.02,Gasto,Educación
72,2025-10-18,Mercado de ropa,390.12,Gasto,Ropa
73,2025-10-17,Salida con amigos,169.45,Gasto,Entretenimiento
74,2025-10-15,Subway sandwich,283.12,Gasto,Alimentación
75,2025-10-15,Cafetería Starbucks,282.24,Gasto,Alimentación
76,2025-10-14,Palacio de Hierro,450.1,Gasto,Ropa
77,2025-10-13,Subway sandwich,682.23,Gasto,Alimentación
78,2025-10-12,Despensa mensual,731.01,Gasto,Alimentación
79,2025-10-12,Papelería,1460.46,Gasto,Educación
80,2025-10-12,Papelería,449.75,Gasto,Educación
81,2025-10-12,Vitaminas,404.0,Gasto,Salud
82,2025-10-11,DiDi,309.71,Gasto,Transporte
83,2025-10-10,Liverpool,1656.24,Gasto,Ropa
84,2025-10-10,Taxi,103.89,Gasto,Transporte
85,2025-10-09,Peaje carretera,303.97,Gasto,Transporte
86,2025-10-08,Papelería,2202.12,Gasto,Educación
87,2025-10-08,Gym,1263.74,Gasto,Servicios
88,2025-10-07,Zara,379.18,Gasto,Ropa
89,2025-10-07,Servicio de auto,211.18,Gasto,Transporte
90,2025-10-06,Despensa mensual,386.9,Gasto,Alimentación
91,2025-10-06,Transporte público,242.43,Gasto,Transporte
92,2025-10-05,Muebles,2408.8,Gasto,Hogar
93,2025-10-04,Disney+,554.92,Gasto,Entretenimiento
94,2025-10-03,Decoración,304.51,Gasto,Hogar
95,2025-10-03,H&M,960.91,Gasto,Ropa
96,2025-10-02,Zapatos,1497.52,Gasto,Ropa
97,2025-10-02,Dentista,196.28,Gasto,Salud
98,2025-10-01,Palacio de Hierro,1135.86,Gasto,Ropa
99,2025-10-01,Luz CFE,273.54,Gasto,Servicios
100,2025-09-30,Pintura,2876.36,Gasto,Hogar
101,2025-09-30,H&M,360.36,Gasto,Ropa
102,2025-09-30,Universidad,726.13,Gasto,Educación
103,2025-09-29,Salida con amigos,384.58,Gasto,Entretenimiento
104,2025-09-29,Luz CFE,1752.64,Gasto,Servicios
105,2025-09-27,Disney+,414.26,Gasto,Entretenimiento
106,2025-09-27,Spotify,258.67,Gasto,Entretenimiento
107,2025-09-27,Nike,879.04,Gasto,Ropa
108,2025-09-27,Muebles,930.19,Gasto,Hogar
109,2025-09-26,H&M,1677.94,Gasto,Ropa
110,2025-09-25,Colegiatura,2515.76,Gasto,Educación
111,2025-09-24,H&M,1798.8,Gasto,Ropa
112,2025-09-24,Seguro,458.21,Gasto,Servicios
113,2025-09-23,Pintura,2081.45,Gasto,Hogar
114,2025-09-23,Mantenimiento auto,99.51,Gasto,Transporte
115,2025-09-23,DiDi,362.39,Gasto,Transporte
116,2025-09-22,Restaurante comida rápida,132.56,Gasto,Alimentación
117,2025-11-20,Liverpool,1698.76,Gasto,Ropa
118,2025-11-19,Subway sandwich,398.32,Gasto,Alimentación
119,2025-11-19,Disney+,182.53,Gasto,Entretenimiento
120,2025-11-18,Pintura,2140.7,Gasto,Hogar
121,2025-11-18,Colegiatura,2634.51,Gasto,Educación
122,2025-11-18,Coursera,622.19,Gasto,Educación
123,2025-11-17,Tacos al pastor,261.82,Gasto,Alimentación
124,2025-11-17,Colegiatura,734.94,Gasto,Educación
125,2025-11-17,Papelería,1389.28,Gasto,Educación
126,2025-11-17,Cursos online,2230.87,Gasto,Educación
127,2025-11-16,Limpieza hogar,194.25,Gasto,Hogar
128,2025-11-16,Teléfono,676.81,Gasto,Servicios
129,2025-11-15,Udemy curso,429.79,Gasto,Educación
130,2025-11-15,Disney+,232.68,Gasto,Entretenimiento
131,2025-11-14,Doctor,392.9,Gasto,Salud
132,2025-11-14,Disney+,111.54,Gasto,Entretenimiento
133,2025-11-13,Farmacia,1493.65,Gasto,Salud
134,2025-11-13,Uber,347.21,Gasto,Transporte
135,2025-11-13,Streaming,1511.6,Gasto,Servicios
136,2025-11-13,Universidad,1737.41,Gasto,Educación
137,2025-11-12,Streaming,876.05,Gasto,Servicios
138,2025-11-12,Gasolina,173.64,Gasto,Transporte
139,2025-11-11,Netflix,318.45,Gasto,Entretenimiento
140,2025-11-11,Transporte público,412.3,Gasto,Transporte
141,2025-11-11,Colegiatura,1669.57,Gasto,Educación
142,2025-11-10,Análisis clínicos,1226.2,Gasto,Salud
143,2025-11-09,Liverpool,835.44,Gasto,Ropa
144,2025-11-09,Transporte público,314.76,Gasto,Transporte
145,2025-11-08,Electrodomésticos,2498.06,Gasto,Hogar
146,2025-11-08,Palacio de Hierro,230.56,Gasto,Ropa
147,2025-11-07,Concierto,472.66,Gasto,Entretenimiento
148,2025-11-05,Sueldo mensual,8938.1,Ingreso,Salario
149,2025-11-05,Consultoría,4182.14,Ingreso,Freelance
150,2025-11-05,Decoración,506.23,Gasto,Hogar
151,2025-11-04,Mantenimiento auto,82.5,Gasto,Transporte
152,2025-11-04,Liverpool,1013.86,Gasto,Ropa
153,2025-11-04,Mercado de ropa,309.63,Gasto,Ropa
154,2025-11-03,Transporte público,351.06,Gasto,Transporte
155,2025-11-02,Vitaminas,823.77,Gasto,Salud
156,2025-11-02,Muebles,1519.81,Gasto,Hogar
157,2025-11-02,Seguro,464.62,Gasto,Servicios
158,2025-11-02,Taxi,406.31,Gasto,Transporte
159,2025-11-01,Consulta médica,145.65,Gasto,Salud
160,2025-10-31,Libros,875.79,Gasto,Educación
161,2025-10-30,Zara,1621.19,Gasto,Ropa
162,2025-10-30,Nike,233.23,Gasto,Ropa
163,2025-10-30,Disney+,212.34,Gasto,Entretenimiento
164,2025-10-29,Mercado local,463.33,Gasto,Alimentación
165,2025-10-29,Salida con amigos,202.19,Gasto,Entretenimiento
166,2025-10-29,Amazon Prime,177.37,Gasto,Entretenimiento
167,2025-10-29,Pintura,787.55,Gasto,Hogar
168,2025-10-28,Disney+,259.0,Gasto,Entretenimiento
169,2025-10-27,Papelería,914.5,Gasto,Educación
170,2025-10-27,Muebles,2354.56,Gasto,Hogar
171,2025-10-27,Transporte público,123.87,Gasto,Transporte
172,2025-10-26,Udemy curso,2040.3,Gasto,Educación
173,2025-10-25,Dentista,401.32,Gasto,Salud
174,2025-10-25,Spotify,257.91,Gasto,Entretenimiento
175,2025-10-25,Cursos online,2124.1,Gasto,Educación
176,2025-10-24,Palacio de Hierro,1887.16,Gasto,Ropa
177,2025-10-24,Streaming,1324.31,Gasto,Servicios
178,2025-10-24,Salida con amigos,257.42,Gasto,Entretenimiento
179,2025-10-24,Vitaminas,449.96,Gasto,Salud
180,2025-10-23,Vitaminas,1102.51,Gasto,Salud
181,2025-10-23,Vitaminas,1414.66,Gasto,Salud
182,2025-10-22,Mercado local,510.73,Gasto,Alimentación
183,2025-10-22,Internet,1547.78,Gasto,Servicios
184,2025-10-22,Netflix,561.52,Gasto,Entretenimiento
185,2025-10-21,Libros,633.83,Gasto,Educación
186,2025-10-21,Sueldo mensual,15435.23,Ingreso,Salario
187,2025-10-21,Sueldo mensual,10802.34,Ingreso,Salario
188,2025-10-20,Netflix,273.57,Gasto,Entretenimiento
189,2025-10-20,Palacio de Hierro,725.36,Gasto,Ropa
190,2025-10-19,Uber,422.72,Gasto,Transporte
191,2025-10-19,Seguro,1003.39,Gasto,Servicios
192,2025-10-19,Peaje carretera,331.69,Gasto,Transporte
193,2025-10-19,Servicio de auto,396.26,Gasto,Transporte
194,2025-10-18,Teléfono,1786.62,Gasto,Servicios
195,2025-10-18,Home Depot,2612.39,Gasto,Hogar
196,2025-10-18,Internet,848.64,Gasto,Servicios
197,2025-10-18,Pintura,107.3,Gasto,Hogar
198,2025-10-17,Concierto,496.84,Gasto,Entretenimiento
199,2025-10-17,Gasolina,35.77,Gasto,Transporte
200,2025-10-17,Teatro,360.35,Gasto,Entretenimiento
201,2025-10-16,Salida con amigos,515.94,Gasto,Entretenimiento
202,2025-10-16,Cafetería Starbucks,428.59,Gasto,Alimentación
203,2025-10-15,Ropa deportiva,713.42,Gasto,Ropa
204,2025-10-15,Gasolina,459.01,Gasto,Transporte
205,2025-10-15,Muebles,1795.54,Gasto,Hogar
206,2025-10-14,Seguro,1546.16,Gasto,Servicios
207,2025-10-14,Gasolina,482.85,Gasto,Transporte
208,2025-10-13,Netflix,173.4,Gasto,Entretenimiento
209,2025-10-13,Teléfono,1635.78,Gasto,Servicios
210,2025-10-12,Taxi,139.4,Gasto,Transporte
211,2025-10-11,Gym,1647.01,Gasto,Servicios
212,2025-10-11,Peaje carretera,241.2,Gasto,Transporte
213,2025-10-11,Liverpool,1100.04,Gasto,Ropa
214,2025-10-10,Pintura,1004.96,Gasto,Hogar
215,2025-10-10,Libros,384.25,Gasto,Educación
216,2025-10-10,Teatro,319.93,Gasto,Entretenimiento
217,2025-10-10,Taxi,255.94,Gasto,Transporte
218,2025-10-09,Coursera,1054.1,Gasto,Educación
219,2025-10-08,Universidad,1846.01,Gasto,Educación
220,2025-10-08,Gas,1738.79,Gasto,Servicios
221,2025-10-08,Análisis clínicos,578.83,Gasto,Salud
222,2025-10-07,Salida con amigos,220.77,Gasto,Entretenimiento
223,2025-10-07,Análisis clínicos,940.9,Gasto,Salud
224,2025-10-06,Sueldo mensual,12054.02,Ingreso,Salario
225,2025-10-05,Supermercado Soriana,683.36,Gasto,Alimentación
226,2025-10-05,Medicamentos,605.68,Gasto,Salud
227,2025-10-05,Electrodomésticos,2782.69,Gasto,Hogar
228,2025-10-05,Concierto,426.25,Gasto,Entretenimiento
229,2025-10-04,Disney+,345.95,Gasto,Entretenimiento
230,2025-10-03,Ropa deportiva,437.0,Gasto,Ropa
231,2025-10-02,Subway sandwich,534.05,Gasto,Alimentación
232,2025-10-01,Teléfono,1494.13,Gasto,Servicios
233,2025-10-01,Farmacia,1305.13,Gasto,Salud
234,2025-09-30,Estacionamiento,81.71,Gasto,Transporte
235,2025-09-30,Transporte público,75.86,Gasto,Transporte
236,2025-09-29,Amazon Prime,294.62,Gasto,Entretenimiento
237,2025-09-29,Medicamentos,103.05,Gasto,Salud
238,2025-09-28,Restaurante comida rápida,600.99,Gasto,Alimentación
239,2025-09-28,Farmacia,188.63,Gasto,Salud
240,2025-09-28,Universidad,2361.21,Gasto,Educación
241,2025-09-26,Análisis clínicos,372.45,Gasto,Salud
242,2025-09-25,Home Depot,1290.25,Gasto,Hogar
243,2025-09-24,H&M,519.33,Gasto,Ropa
244,2025-09-24,Tacos al pastor,642.86,Gasto,Alimentación
245,2025-09-24,Nike,230.26,Gasto,Ropa
246,2025-09-23,Netflix,302.14,Gasto,Entretenimiento
247,2025-09-22,Concierto,423.92,Gasto,Entretenimiento
248,2025-11-20,Programación,3801.77,Ingreso,Freelance
249,2025-11-20,Electrodomésticos,413.81,Gasto,Hogar
250,2025-11-19,Concierto,110.27,Gasto,Entretenimiento
251,2025-11-19,Streaming,897.5,Gasto,Servicios
252,2025-11-19,Cafetería Starbucks,227.81,Gasto,Alimentación
253,2025-11-18,Supermercado Walmart,375.94,Gasto,Alimentación
254,2025-11-17,Cafetería Starbucks,794.91,Gasto,Alimentación
255,2025-11-17,Mantenimiento auto,461.27,Gasto,Transporte
256,2025-11-15,Material escolar,1209.17,Gasto,Educación
257,2025-11-15,Servicio de auto,107.57,Gasto,Transporte
258,2025-11-14,Despensa mensual,352.88,Gasto,Alimentación
259,2025-11-14,Liverpool,520.19,Gasto,Ropa
260,2025-11-14,Supermercado Soriana,190.14,Gasto,Alimentación
261,2025-11-13,Peaje carretera,151.73,Gasto,Transporte
262,2025-11-13,H&M,1697.87,Gasto,Ropa
263,2025-11-13,Gym,1021.3,Gasto,Servicios
264,2025-11-12,Streaming,665.22,Gasto,Servicios
265,2025-11-11,Spotify,584.43,Gasto,Entretenimiento
266,2025-11-10,Muebles,1346.17,Gasto,Hogar
267,2025-11-10,Nike,1291.48,Gasto,Ropa
268,2025-11-09,Udemy curso,2978.72,Gasto,Educación
269,2025-11-09,DiDi,53.1,Gasto,Transporte
270,2025-11-08,Zara,1848.17,Gasto,Ropa
271,2025-11-08,Cine,572.02,Gasto,Entretenimiento
272,2025-11-08,Dentista,823.47,Gasto,Salud
273,2025-11-07,Muebles,1574.29,Gasto,Hogar
274,2025-11-07,Colegiatura,1617.51,Gasto,Educación
275,2025-11-06,Universidad,2806.85,Gasto,Educación
276,2025-11-06,Gas,1078.54,Gasto,Servicios
277,2025-11-05,Sueldo mensual,8959.61,Ingreso,Salario
278,2025-11-05,Sueldo mensual,9600.57,Ingreso,Salario
279,2025-11-05,Sueldo mensual,13596.17,Ingreso,Salario
280,2025-11-04,Zara,1852.25,Gasto,Ropa
281,2025-11-04,Supermercado Walmart,580.67,Gasto,Alimentación
282,2025-11-04,Amazon Prime,485.97,Gasto,Entretenimiento
283,2025-11-04,Tacos al pastor,720.92,Gasto,Alimentación
284,2025-11-02,Concierto,378.72,Gasto,Entretenimiento
285,2025-11-01,Universidad,2151.45,Gasto,Educación
286,2025-11-01,Reparaciones,2369.87,Gasto,Hogar
287,2025-11-01,Cine,302.71,Gasto,Entretenimiento
288,2025-10-31,Coursera,2367.57,Gasto,Educación
289,2025-10-30,Farmacia,895.61,Gasto,Salud
290,2025-10-30,Estacionamiento,404.07,Gasto,Transporte
291,2025-10-29,Restaurante comida rápida,490.41,Gasto,Alimentación
292,2025-10-29,Luz CFE,1912.82,Gasto,Servicios
293,2025-10-29,Internet,1250.51,Gasto,Servicios
294,2025-10-29,Palacio de Hierro,1441.07,Gasto,Ropa
295,2025-10-28,Despensa mensual,726.12,Gasto,Alimentación
296,2025-10-27,Electrodomésticos,1329.75,Gasto,Hogar
297,2025-10-27,Adidas,1599.96,Gasto,Ropa
298,2025-10-27,Streaming,1332.66,Gasto,Servicios
299,2025-10-26,Videojuegos,343.32,Gasto,Entretenimiento
300,2025-10-25,Jardinería,2419.09,Gasto,Hogar
301,2025-10-25,Cafetería Starbucks,496.4,Gasto,Alimentación
302,2025-10-24,Universidad,2743.04,Gasto,Educación
303,2025-10-23,Cafetería Starbucks,629.58,Gasto,Alimentación
304,2025-10-23,Liverpool,1757.32,Gasto,Ropa
305,2025-10-22,Gym,476.93,Gasto,Servicios
306,2025-10-22,Spotify,299.68,Gasto,Entretenimiento
307,2025-10-21,Uber,52.8,Gasto,Transporte
308,2025-10-21,Agua,850.53,Gasto,Servicios
309,2025-10-21,Cine,233.75,Gasto,Entretenimiento
310,2025-10-21,Cafetería Starbucks,438.83,Gasto,Alimentación
311,2025-10-20,Tacos al pastor,701.14,Gasto,Alimentación
312,2025-10-18,Doctor,283.12,Gasto,Salud
313,2025-10-17,Análisis clínicos,418.05,Gasto,Salud
314,2025-10-16,Mantenimiento auto,411.23,Gasto,Transporte
315,2025-10-15,Agua,1210.49,Gasto,Servicios
316,2025-10-15,Pizza Dominos,304.46,Gasto,Alimentación
317,2025-10-15,Supermercado Soriana,203.67,Gasto,Alimentación
318,2025-10-14,Internet,442.43,Gasto,Servicios
319,2025-10-13,Electrodomésticos,2443.61,Gasto,Hogar
320,2025-10-13,DiDi,187.9,Gasto,Transporte
321,2025-10-12,Adidas,1279.73,Gasto,Ropa
322,2025-10-12,Internet,1209.31,Gasto,Servicios
323,2025-10-12,Transporte público,207.57,Gasto,Transporte
324,2025-10-12,Limpieza hogar,1297.83,Gasto,Hogar
325,2025-10-11,Restaurante comida rápida,493.9,Gasto,Alimentación
326,2025-10-11,Supermercado Soriana,493.82,Gasto,Alimentación
327,2025-10-11,Uber,170.68,Gasto,Transporte
328,2025-10-11,Coursera,2586.88,Gasto,Educación
329,2025-10-10,Netflix,573.88,Gasto,Entretenimiento
330,2025-10-10,Uber,433.51,Gasto,Transporte
331,2025-10-09,Consulta médica,895.2,Gasto,Salud
332,2025-10-09,Ropa deportiva,1319.61,Gasto,Ropa
333,2025-10-08,Electrodomésticos,1295.61,Gasto,Hogar
334,2025-10-08,Supermercado Soriana,542.51,Gasto,Alimentación
335,2025-10-08,Consulta médica,1450.04,Gasto,Salud
336,2025-10-07,Doctor,1186.72,Gasto,Salud
337,2025-10-07,Ropa deportiva,464.86,Gasto,Ropa
338,2025-10-07,Ropa deportiva,1420.99,Gasto,Ropa
339,2025-10-06,Coursera,1831.2,Gasto,Educación
340,2025-10-06,Salida con amigos,464.93,Gasto,Entretenimiento
341,2025-10-05,Análisis clínicos,494.77,Gasto,Salud
342,2025-10-04,Spotify,213.79,Gasto,Entretenimiento
343,2025-10-03,Mantenimiento auto,92.72,Gasto,Transporte
344,2025-10-03,Agua,1049.54,Gasto,Servicios
345,2025-10-03,Cursos online,1989.6,Gasto,Educación
346,2025-10-03,Pintura,1833.43,Gasto,Hogar
347,2025-10-02,Internet,577.21,Gasto,Servicios
348,2025-10-02,Limpieza hogar,127.75,Gasto,Hogar
349,2025-10-02,Luz CFE,869.55,Gasto,Servicios
350,2025-10-01,Subway sandwich,612.96,Gasto,Alimentación
351,2025-10-01,Peaje carretera,358.23,Gasto,Transporte
352,2025-10-01,Streaming,987.34,Gasto,Servicios
353,2025-09-30,Amazon Prime,589.7,Gasto,Entretenimiento
354,2025-09-30,Electrodomésticos,1068.68,Gasto,Hogar
355,2025-09-30,Pintura,2483.78,Gasto,Hogar
356,2025-09-29,Consulta médica,816.6,Gasto,Salud
357,2025-09-28,Dentista,415.56,Gasto,Salud
358,2025-09-28,Mantenimiento auto,167.58,Gasto,Transporte
359,2025-09-27,Papelería,259.5,Gasto,Educación
360,2025-09-26,Farmacia,326.18,Gasto,Salud
361,2025-09-26,Consulta médica,380.5,Gasto,Salud
362,2025-09-26,Teatro,560.65,Gasto,Entretenimiento
363,2025-09-26,Análisis clínicos,1277.56,Gasto,Salud
364,2025-09-25,Servicio de auto,46.13,Gasto,Transporte
365,2025-09-25,Papelería,1766.89,Gasto,Educación
366,2025-09-24,Cafetería Starbucks,175.08,Gasto,Alimentación
367,2025-09-24,Farmacia,1320.19,Gasto,Salud
368,2025-09-24,Mantenimiento auto,370.4,Gasto,Transporte
369,2025-09-23,Análisis clínicos,1186.36,Gasto,Salud
370,2025-09-23,Análisis clínicos,458.35,Gasto,Salud
371,2025-09-22,Supermercado Walmart,720.3,Gasto,Alimentación
372,2025-09-22,Zapatos,1289.98,Gasto,Ropa
373,2025-09-22,Universidad,639.78,Gasto,Educación
374,2025-11-20,Vitaminas,1006.9,Gasto,Salud
375,2025-11-20,Decoración,1020.83,Gasto,Hogar
376,2025-11-19,Supermercado Walmart,276.22,Gasto,Alimentación
377,2025-11-19,Farmacia,994.25,Gasto,Salud
378,2025-11-18,Supermercado Walmart,759.32,Gasto,Alimentación
379,2025-11-17,Despensa mensual,583.98,Gasto,Alimentación
380,2025-11-17,Papelería,2834.92,Gasto,Educación
381,2025-11-16,Videojuegos,390.71,Gasto,Entretenimiento
382,2025-11-15,Estacionamiento,268.46,Gasto,Transporte
383,2025-11-14,Jardinería,2869.29,Gasto,Hogar
384,2025-11-14,Reparaciones,990.74,Gasto,Hogar
385,2025-11-14,Peaje carretera,446.97,Gasto,Transporte
386,2025-11-13,Estacionamiento,302.36,Gasto,Transporte
387,2025-11-13,Dentista,405.57,Gasto,Salud
388,2025-11-12,Amazon Prime,505.16,Gasto,Entretenimiento
389,2025-11-12,DiDi,158.22,Gasto,Transporte
390,2025-11-11,Taxi,331.07,Gasto,Transporte
391,2025-11-11,Taxi,468.78,Gasto,Transporte
392,2025-11-11,Salida con amigos,171.8,Gasto,Entretenimiento
393,2025-11-10,Adidas,1483.34,Gasto,Ropa
394,2025-11-10,Servicio de auto,98.98,Gasto,Transporte
395,2025-11-10,Disney+,477.14,Gasto,Entretenimiento
396,2025-11-09,Spotify,359.66,Gasto,Entretenimiento
397,2025-11-09,Electrodomésticos,2491.67,Gasto,Hogar
398,2025-11-09,Teatro,587.88,Gasto,Entretenimiento
399,2025-11-08,Spotify,205.86,Gasto,Entretenimiento
400,2025-11-08,Home Depot,301.94,Gasto,Hogar
401,2025-11-07,Reparaciones,600.1,Gasto,Hogar
402,2025-11-07,Uber,59.55,Gasto,Transporte
403,2025-11-07,Despensa mensual,389.98,Gasto,Alimentación
404,2025-11-06,Mantenimiento auto,237.06,Gasto,Transporte
405,2025-11-06,Libros,569.17,Gasto,Educación
406,2025-11-05,Udemy curso,2092.14,Gasto,Educación
407,2025-11-05,Streaming,1796.94,Gasto,Servicios
408,2025-11-05,Cursos online,1911.34,Gasto,Educación
409,2025-11-05,Salida con amigos,342.63,Gasto,Entretenimiento
410,2025-11-04,Farmacia,487.48,Gasto,Salud
411,2025-11-04,Disney+,232.26,Gasto,Entretenimiento
412,2025-11-03,Despensa mensual,467.17,Gasto,Alimentación
413,2025-11-02,Restaurante comida rápida,371.07,Gasto,Alimentación
414,2025-11-02,Universidad,1950.19,Gasto,Educación
415,2025-11-01,DiDi,42.98,Gasto,Transporte
416,2025-11-01,Teatro,594.43,Gasto,Entretenimiento
417,2025-11-01,Internet,353.32,Gasto,Servicios
418,2025-10-31,Limpieza hogar,1636.2,Gasto,Hogar
419,2025-10-30,Palacio de Hierro,963.31,Gasto,Ropa
420,2025-10-29,Salida con amigos,364.35,Gasto,Entretenimiento
421,2025-10-26,Consulta médica,965.73,Gasto,Salud
422,2025-10-25,Luz CFE,832.18,Gasto,Servicios
423,2025-10-24,Cine,577.36,Gasto,Entretenimiento
424,2025-10-24,Reparaciones,1851.26,Gasto,Hogar
425,2025-10-23,Udemy curso,2603.43,Gasto,Educación
426,2025-10-23,Teatro,374.15,Gasto,Entretenimiento
427,2025-10-23,Salida con amigos,562.9,Gasto,Entretenimiento
428,2025-10-23,Subway sandwich,184.55,Gasto,Alimentación
429,2025-10-22,Doctor,772.26,Gasto,Salud
430,2025-10-22,Papelería,615.85,Gasto,Educación
431,2025-10-21,Gas,1971.38,Gasto,Servicios
432,2025-10-21,Uber,61.6,Gasto,Transporte
433,2025-10-21,Sueldo mensual,11258.33,Ingreso,Salario
434,2025-10-21,Reparaciones,2772.89,Gasto,Hogar
435,2025-10-20,Cafetería Starbucks,323.03,Gasto,Alimentación
436,2025-10-20,Salida con amigos,248.39,Gasto,Entretenimiento
437,2025-10-20,Seguro,1087.77,Gasto,Servicios
438,2025-10-19,Supermercado Walmart,707.38,Gasto,Alimentación
439,2025-10-19,Electrodomésticos,243.33,Gasto,Hogar
440,2025-10-18,Salida con amigos,399.54,Gasto,Entretenimiento
441,2025-10-17,Liverpool,1607.31,Gasto,Ropa
442,2025-10-15,Spotify,395.29,Gasto,Entretenimiento
443,2025-10-14,Servicio de auto,283.84,Gasto,Transporte
444,2025-10-14,Mercado de ropa,1968.95,Gasto,Ropa
445,2025-10-14,Cursos online,1228.43,Gasto,Educación
446,2025-10-14,Universidad,1701.49,Gasto,Educación
447,2025-10-13,Pizza Dominos,244.61,Gasto,Alimentación
448,2025-10-13,Taxi,151.72,Gasto,Transporte
449,2025-10-12,Mercado de ropa,673.61,Gasto,Ropa
450,2025-10-11,Reparaciones,1415.6,Gasto,Hogar
451,2025-10-11,Seguro,1602.39,Gasto,Servicios
452,2025-10-10,Farmacia,1329.06,Gasto,Salud
453,2025-10-10,H&M,1592.97,Gasto,Ropa
454,2025-10-09,Concierto,450.3,Gasto,Entretenimiento
455,2025-10-09,Despensa mensual,570.77,Gasto,Alimentación
456,2025-10-09,Medicamentos,1187.5,Gasto,Salud
457,2025-10-09,Ropa deportiva,1280.83,Gasto,Ropa
458,2025-10-08,Cursos online,1135.55,Gasto,Educación
459,2025-10-07,Salida con amigos,487.61,Gasto,Entretenimiento
460,2025-10-07,Papelería,475.92,Gasto,Educación
461,2025-10-07,Análisis clínicos,693.56,Gasto,Salud
462,2025-10-06,Peaje carretera,136.88,Gasto,Transporte
463,2025-10-06,Diseño web,2791.96,Ingreso,Freelance
464,2025-10-06,Disney+,594.29,Gasto,Entretenimiento
465,2025-10-05,Supermercado Walmart,171.52,Gasto,Alimentación
466,2025-10-05,Medicamentos,389.33,Gasto,Salud
467,2025-10-05,Universidad,1740.53,Gasto,Educación
468,2025-10-04,H&M,1483.91,Gasto,Ropa
469,2025-10-03,Colegiatura,324.96,Gasto,Educación
470,2025-10-03,Nike,622.16,Gasto,Ropa
471,2025-10-02,Mercado local,598.94,Gasto,Alimentación
472,2025-10-02,Zara,546.11,Gasto,Ropa
473,2025-10-02,Teatro,476.13,Gasto,Entretenimiento
474,2025-10-02,Jardinería,1824.76,Gasto,Hogar
475,2025-10-01,Nike,1570.55,Gasto,Ropa
476,2025-10-01,Coursera,441.68,Gasto,Educación
477,2025-10-01,Vitaminas,448.15,Gasto,Salud
478,2025-09-30,Mercado local,689.69,Gasto,Alimentación
479,2025-09-30,Internet,1570.35,Gasto,Servicios
480,2025-09-29,Pizza Dominos,274.46,Gasto,Alimentación
481,2025-09-28,Papelería,1630.17,Gasto,Educación
482,2025-09-28,Vitaminas,845.74,Gasto,Salud
483,2025-09-28,Cine,112.33,Gasto,Entretenimiento
484,2025-09-27,Subway sandwich,496.69,Gasto,Alimentación
485,2025-09-27,Gas,1079.15,Gasto,Servicios
486,2025-09-26,Pizza Dominos,795.33,Gasto,Alimentación
487,2025-09-25,Medicamentos,510.56,Gasto,Salud
488,2025-09-25,Tacos al pastor,374.06,Gasto,Alimentación
489,2025-09-25,Mercado local,70.61,Gasto,Alimentación
490,2025-09-24,Transporte público,260.45,Gasto,Transporte
491,2025-09-24,Pizza Dominos,225.29,Gasto,Alimentación
492,2025-09-24,Consulta médica,932.17,Gasto,Salud
493,2025-09-24,Servicio de auto,468.44,Gasto,Transporte
494,2025-09-23,Palacio de Hierro,1446.26,Gasto,Ropa
495,2025-11-20,Palacio de Hierro,280.99,Gasto,Ropa
496,2025-11-20,Adidas,1617.38,Gasto,Ropa
497,2025-11-20,Dentista,1073.75,Gasto,Salud
498,2025-11-20,Sueldo mensual,16395.81,Ingreso,Salario
499,2025-11-19,Despensa mensual,137.32,Gasto,Alimentación
500,2025-11-19,Videojuegos,247.16,Gasto,Entretenimiento
501,2025-11-18,Teléfono,1138.09,Gasto,Servicios
502,2025-11-17,Mercado local,723.72,Gasto,Alimentación
503,2025-11-17,Palacio de Hierro,713.38,Gasto,Ropa
504,2025-11-17,Netflix,138.87,Gasto,Entretenimiento
505,2025-11-17,Mercado de ropa,717.43,Gasto,Ropa
506,2025-11-16,Decoración,735.41,Gasto,Hogar
507,2025-11-16,Consulta médica,1247.88,Gasto,Salud
508,2025-11-15,Subway sandwich,272.28,Gasto,Alimentación
509,2025-11-15,Despensa mensual,289.63,Gasto,Alimentación
510,2025-11-15,Limpieza hogar,2152.04,Gasto,Hogar
511,2025-11-14,Luz CFE,225.14,Gasto,Servicios
512,2025-11-13,Libros,2435.24,Gasto,Educación
513,2025-11-13,Agua,944.1,Gasto,Servicios
514,2025-11-11,Restaurante comida rápida,545.57,Gasto,Alimentación
515,2025-11-10,Streaming,1592.09,Gasto,Servicios
516,2025-11-10,Disney+,350.98,Gasto,Entretenimiento
517,2025-11-10,H&M,1856.95,Gasto,Ropa
518,2025-11-10,Agua,1805.73,Gasto,Servicios
519,2025-11-09,Taxi,323.78,Gasto,Transporte
520,2025-11-09,Peaje carretera,401.15,Gasto,Transporte
521,2025-11-08,Medicamentos,1401.3,Gasto,Salud
522,2025-11-08,Supermercado Walmart,250.58,Gasto,Alimentación
523,2025-11-08,Taxi,287.49,Gasto,Transporte
524,2025-11-07,Taxi,450.43,Gasto,Transporte
525,2025-11-07,Cursos online,2463.02,Gasto,Educación
526,2025-11-06,Estacionamiento,190.15,Gasto,Transporte
527,2025-11-06,Ropa deportiva,1964.6,Gasto,Ropa
528,2025-11-06,Muebles,357.33,Gasto,Hogar
529,2025-11-05,Trabajo extra,3464.49,Ingreso,Freelance
530,2025-11-05,Análisis clínicos,186.85,Gasto,Salud
531,2025-11-04,Nike,1803.85,Gasto,Ropa
532,2025-11-04,DiDi,205.79,Gasto,Transporte
533,2025-11-03,Jardinería,2526.22,Gasto,Hogar
534,2025-11-02,Pintura,1771.57,Gasto,Hogar
535,2025-11-02,Mercado local,261.08,Gasto,Alimentación
536,2025-11-02,Análisis clínicos,540.57,Gasto,Salud
537,2025-11-01,Agua,1645.51,Gasto,Servicios
538,2025-11-01,Despensa mensual,329.62,Gasto,Alimentación
539,2025-10-31,Liverpool,900.59,Gasto,Ropa
540,2025-10-31,Amazon Prime,137.96,Gasto,Entretenimiento
541,2025-10-30,Mantenimiento auto,84.8,Gasto,Transporte
542,2025-10-29,Decoración,1033.01,Gasto,Hogar
543,2025-10-29,Estacionamiento,315.14,Gasto,Transporte
544,2025-10-28,Despensa mensual,408.57,Gasto,Alimentación
545,2025-10-28,Disney+,140.79,Gasto,Entretenimiento
546,2025-10-27,Mercado local,604.05,Gasto,Alimentación
547,2025-10-27,Seguro médico,280.95,Gasto,Salud
548,2025-10-26,Disney+,461.33,Gasto,Entretenimiento
549,2025-10-26,Mantenimiento auto,225.0,Gasto,Transporte
550,2025-10-26,Zara,1081.03,Gasto,Ropa
551,2025-10-25,Ropa deportiva,1665.08,Gasto,Ropa
552,2025-10-25,Restaurante comida rápida,504.15,Gasto,Alimentación
553,2025-10-25,Seguro médico,1365.89,Gasto,Salud
554,2025-10-25,Subway sandwich,612.5,Gasto,Alimentación
555,2025-10-24,Reparaciones,1128.04,Gasto,Hogar
556,2025-10-24,Vitaminas,148.24,Gasto,Salud
557,2025-10-24,Streaming,1367.87,Gasto,Servicios
558,2025-10-23,Farmacia,1348.15,Gasto,Salud
559,2025-10-21,Material escolar,1572.93,Gasto,Educación
560,2025-10-21,Sueldo mensual,16935.71,Ingreso,Salario
561,2025-10-21,Pintura,1821.77,Gasto,Hogar
562,2025-10-21,Sueldo mensual,17573.01,Ingreso,Salario
563,2025-10-20,Mercado de ropa,308.18,Gasto,Ropa
564,2025-10-20,Ropa deportiva,1092.01,Gasto,Ropa
565,2025-10-20,Salida con amigos,235.17,Gasto,Entretenimiento
566,2025-10-19,Mercado de ropa,528.36,Gasto,Ropa
567,2025-10-19,Restaurante comida rápida,180.03,Gasto,Alimentación
568,2025-10-18,Pintura,1787.45,Gasto,Hogar
569,2025-10-18,Subway sandwich,696.67,Gasto,Alimentación
570,2025-10-17,Reparaciones,2422.24,Gasto,Hogar
571,2025-10-17,Estacionamiento,30.58,Gasto,Transporte
572,2025-10-17,Universidad,720.92,Gasto,Educación
573,2025-10-16,Electrodomésticos,1278.86,Gasto,Hogar
574,2025-10-16,Doctor,777.66,Gasto,Salud
575,2025-10-15,Supermercado Soriana,685.31,Gasto,Alimentación
576,2025-10-15,Restaurante comida rápida,728.7,Gasto,Alimentación
577,2025-10-15,Papelería,1238.75,Gasto,Educación
578,2025-10-14,Disney+,177.47,Gasto,Entretenimiento
579,2025-10-13,Zara,1559.49,Gasto,Ropa
580,2025-10-12,Amazon Prime,570.48,Gasto,Entretenimiento
581,2025-10-11,Pizza Dominos,57.28,Gasto,Alimentación
582,2025-10-11,Salida con amigos,224.0,Gasto,Entretenimiento
583,2025-10-10,Spotify,375.81,Gasto,Entretenimiento
584,2025-10-09,Tacos al pastor,225.89,Gasto,Alimentación
585,2025-10-08,Mercado local,350.24,Gasto,Alimentación
586,2025-10-08,Restaurante comida rápida,91.98,Gasto,Alimentación
587,2025-10-08,Doctor,217.28,Gasto,Salud
588,2025-10-08,Udemy curso,2543.76,Gasto,Educación
589,2025-10-06,Zara,1512.76,Gasto,Ropa
590,2025-10-06,Amazon Prime,526.2,Gasto,Entretenimiento
591,2025-10-06,Restaurante comida rápida,540.13,Gasto,Alimentación
592,2025-10-06,Reparaciones,1186.89,Gasto,Hogar
593,2025-10-05,DiDi,242.69,Gasto,Transporte
594,2025-10-05,Netflix,527.65,Gasto,Entretenimiento
595,2025-10-04,Zara,1547.78,Gasto,Ropa
596,2025-10-03,Pizza Dominos,456.66,Gasto,Alimentación
597,2025-10-03,Jardinería,2724.67,Gasto,Hogar
598,2025-10-03,Nike,491.57,Gasto,Ropa
599,2025-10-02,Spotify,112.06,Gasto,Entretenimiento
600,2025-10-02,Peaje carretera,334.65,Gasto,Transporte
601,2025-09-30,Streaming,825.26,Gasto,Servicios
602,2025-09-29,Home Depot,1977.5,Gasto,Hogar
603,2025-09-29,Internet,437.8,Gasto,Servicios
604,2025-09-29,Tacos al pastor,526.94,Gasto,Alimentación
605,2025-09-28,Videojuegos,468.88,Gasto,Entretenimiento
606,2025-09-28,Consulta médica,1281.77,Gasto,Salud
607,2025-09-28,Disney+,583.5,Gasto,Entretenimiento
608,2025-09-28,Streaming,438.88,Gasto,Servicios
609,2025-09-27,Mercado de ropa,1169.97,Gasto,Ropa
610,2025-09-27,Liverpool,1376.68,Gasto,Ropa
611,2025-09-27,Seguro,1250.25,Gasto,Servicios
612,2025-09-26,Agua,1407.38,Gasto,Servicios
613,2025-09-25,Mantenimiento auto,158.74,Gasto,Transporte
614,2025-09-25,Ropa deportiva,1477.64,Gasto,Ropa
615,2025-09-25,Farmacia,745.47,Gasto,Salud
616,2025-09-24,Internet,1112.7,Gasto,Servicios
617,2025-09-24,Despensa mensual,164.94,Gasto,Alimentación
618,2025-09-24,Supermercado Soriana,296.89,Gasto,Alimentación
619,2025-09-23,Transporte público,268.26,Gasto,Transporte
620,2025-09-23,Supermercado Walmart,413.74,Gasto,Alimentación
621,2025-09-23,Vitaminas,796.61,Gasto,Salud
622,2025-09-22,Material escolar,238.1,Gasto,Educación
623,2025-11-20,Limpieza hogar,2104.64,Gasto,Hogar
624,2025-11-20,Netflix,487.17,Gasto,Entretenimiento
625,2025-11-20,Restaurante comida rápida,593.97,Gasto,Alimentación
626,2025-11-20,Cursos online,1484.74,Gasto,Educación
627,2025-11-19,Gas,614.42,Gasto,Servicios
628,2025-11-19,Ropa deportiva,1587.83,Gasto,Ropa
629,2025-11-18,Limpieza hogar,751.75,Gasto,Hogar
630,2025-11-17,Libros,588.22,Gasto,Educación
631,2025-11-17,Nike,506.89,Gasto,Ropa
632,2025-11-17,Peaje carretera,127.27,Gasto,Transporte
633,2025-11-16,Papelería,2093.16,Gasto,Educación
634,2025-11-15,Netflix,275.72,Gasto,Entretenimiento
635,2025-11-14,Pintura,882.9,Gasto,Hogar
636,2025-11-14,Gas,915.38,Gasto,Servicios
637,2025-11-14,Cine,444.33,Gasto,Entretenimiento
638,2025-11-14,Universidad,1774.87,Gasto,Educación
639,2025-11-13,Colegiatura,200.21,Gasto,Educación
640,2025-11-13,Material escolar,888.69,Gasto,Educación
641,2025-11-12,Doctor,399.99,Gasto,Salud
642,2025-11-12,Papelería,2602.51,Gasto,Educación
643,2025-11-12,Amazon Prime,335.4,Gasto,Entretenimiento
644,2025-11-12,Pizza Dominos,586.92,Gasto,Alimentación
645,2025-11-11,Udemy curso,1411.49,Gasto,Educación
646,2025-11-11,Palacio de Hierro,1571.07,Gasto,Ropa
647,2025-11-09,Farmacia,1137.33,Gasto,Salud
648,2025-11-09,Reparaciones,849.68,Gasto,Hogar
649,2025-11-08,Videojuegos,470.58,Gasto,Entretenimiento
650,2025-11-07,Supermercado Soriana,534.65,Gasto,Alimentación
651,2025-11-07,Material escolar,2164.71,Gasto,Educación
652,2025-11-06,Nike,1055.3,Gasto,Ropa
653,2025-11-05,H&M,1563.29,Gasto,Ropa
654,2025-11-05,Farmacia,1053.1,Gasto,Salud
655,2025-11-05,Sueldo mensual,18010.49,Ingreso,Salario
656,2025-11-05,Amazon Prime,305.08,Gasto,Entretenimiento
657,2025-11-04,Consulta médica,928.09,Gasto,Salud
658,2025-11-04,Renta,1770.25,Gasto,Servicios
659,2025-11-04,Luz CFE,769.98,Gasto,Servicios
660,2025-11-03,Teatro,372.02,Gasto,Entretenimiento
661,2025-11-02,Adidas,1640.55,Gasto,Ropa
662,2025-11-01,Pizza Dominos,673.9,Gasto,Alimentación
663,2025-11-01,Mercado local,608.69,Gasto,Alimentación
664,2025-10-31,Teléfono,202.37,Gasto,Servicios
665,2025-10-30,Gym,684.87,Gasto,Servicios
666,2025-10-30,Nike,863.24,Gasto,Ropa
667,2025-10-30,Limpieza hogar,362.62,Gasto,Hogar
668,2025-10-29,Mercado local,87.63,Gasto,Alimentación
669,2025-10-29,Pintura,2545.62,Gasto,Hogar
670,2025-10-28,Videojuegos,246.1,Gasto,Entretenimiento
671,2025-10-28,Teatro,141.8,Gasto,Entretenimiento
672,2025-10-28,Papelería,501.42,Gasto,Educación
673,2025-10-28,Electrodomésticos,2555.81,Gasto,Hogar
674,2025-10-27,Netflix,491.21,Gasto,Entretenimiento
675,2025-10-26,Pizza Dominos,797.38,Gasto,Alimentación
676,2025-10-25,Streaming,519.28,Gasto,Servicios
677,2025-10-24,Papelería,2835.83,Gasto,Educación
678,2025-10-24,Limpieza hogar,1580.52,Gasto,Hogar
679,2025-10-23,Netflix,203.76,Gasto,Entretenimiento
680,2025-10-23,Zara,869.88,Gasto,Ropa
681,2025-10-23,Agua,1355.09,Gasto,Servicios
682,2025-10-22,Seguro,589.45,Gasto,Servicios
683,2025-10-21,Supermercado Soriana,766.55,Gasto,Alimentación
684,2025-10-21,Limpieza hogar,2746.78,Gasto,Hogar
685,2025-10-21,Despensa mensual,141.09,Gasto,Alimentación
686,2025-10-20,Pizza Dominos,536.29,Gasto,Alimentación
687,2025-10-20,Tacos al pastor,295.24,Gasto,Alimentación
688,2025-10-19,Farmacia,219.67,Gasto,Salud
689,2025-10-19,Gym,1046.98,Gasto,Servicios
690,2025-10-18,Cursos online,1545.29,Gasto,Educación
691,2025-10-18,Concierto,202.31,Gasto,Entretenimiento
692,2025-10-18,Jardinería,940.99,Gasto,Hogar
693,2025-10-17,Estacionamiento,191.69,Gasto,Transporte
694,2025-10-17,Seguro médico,568.51,Gasto,Salud
695,2025-10-17,Videojuegos,130.82,Gasto,Entretenimiento
696,2025-10-16,Teatro,463.57,Gasto,Entretenimiento
697,2025-10-16,Limpieza hogar,1711.26,Gasto,Hogar
698,2025-10-15,Mantenimiento auto,137.16,Gasto,Transporte
699,2025-10-15,Nike,1189.21,Gasto,Ropa
700,2025-10-15,Nike,573.26,Gasto,Ropa
701,2025-10-15,Nike,1135.93,Gasto,Ropa
702,2025-10-13,Análisis clínicos,666.52,Gasto,Salud
703,2025-10-13,Supermercado Soriana,622.61,Gasto,Alimentación
704,2025-10-13,Salida con amigos,343.78,Gasto,Entretenimiento
705,2025-10-12,Despensa mensual,308.85,Gasto,Alimentación
706,2025-10-11,Subway sandwich,75.93,Gasto,Alimentación
707,2025-10-11,Mercado de ropa,227.82,Gasto,Ropa
708,2025-10-10,Muebles,163.68,Gasto,Hogar
709,2025-10-09,Renta,1093.82,Gasto,Servicios
710,2025-10-09,Despensa mensual,328.43,Gasto,Alimentación
711,2025-10-09,Zara,1866.53,Gasto,Ropa
712,2025-10-07,Seguro,1313.11,Gasto,Servicios
713,2025-10-06,Home Depot,1409.2,Gasto,Hogar
714,2025-10-06,Decoración,2390.89,Gasto,Hogar
715,2025-10-05,Concierto,162.81,Gasto,Entretenimiento
716,2025-10-05,Videojuegos,238.64,Gasto,Entretenimiento
717,2025-10-04,Supermercado Walmart,672.85,Gasto,Alimentación
718,2025-10-03,Cafetería Starbucks,613.06,Gasto,Alimentación
719,2025-10-02,Taxi,328.98,Gasto,Transporte
720,2025-10-02,Gasolina,306.33,Gasto,Transporte
721,2025-10-01,Seguro,1518.05,Gasto,Servicios
722,2025-10-01,Gas,1898.58,Gasto,Servicios
723,2025-09-30,Taxi,165.77,Gasto,Transporte
724,2025-09-29,Home Depot,572.84,Gasto,Hogar
725,2025-09-28,Mercado local,51.82,Gasto,Alimentación
726,2025-09-27,Gym,812.18,Gasto,Servicios
727,2025-09-27,Doctor,390.44,Gasto,Salud
728,2025-09-27,Nike,375.99,Gasto,Ropa
729,2025-09-27,Supermercado Soriana,224.39,Gasto,Alimentación
730,2025-09-26,Cine,164.21,Gasto,Entretenimiento
731,2025-09-26,Disney+,410.8,Gasto,Entretenimiento
732,2025-09-26,Cursos online,2724.22,Gasto,Educación
733,2025-09-24,Estacionamiento,154.72,Gasto,Transporte
734,2025-09-24,Farmacia,259.64,Gasto,Salud
735,2025-09-24,Teléfono,1067.67,Gasto,Servicios
736,2025-09-23,Libros,1534.18,Gasto,Educación
737,2025-09-23,Dentista,686.86,Gasto,Salud
738,2025-09-23,Renta,1931.21,Gasto,Servicios
739,2025-09-22,Muebles,1453.19,Gasto,Hogar
740,2025-11-20,Mantenimiento auto,192.14,Gasto,Transporte
741,2025-11-19,Libros,1566.21,Gasto,Educación
742,2025-11-19,Taxi,59.02,Gasto,Transporte
743,2025-11-19,Mercado de ropa,314.76,Gasto,Ropa
744,2025-11-18,Mantenimiento auto,197.07,Gasto,Transporte
745,2025-11-18,Uber,228.4,Gasto,Transporte
746,2025-11-18,Gasolina,272.47,Gasto,Transporte
747,2025-11-16,Colegiatura,418.21,Gasto,Educación
748,2025-11-16,Limpieza hogar,1450.76,Gasto,Hogar
749,2025-11-15,Estacionamiento,459.25,Gasto,Transporte
750,2025-11-15,Seguro,1661.92,Gasto,Servicios
751,2025-11-15,Gas,1839.22,Gasto,Servicios
752,2025-11-14,Supermercado Walmart,514.33,Gasto,Alimentación
753,2025-11-14,Material escolar,2175.54,Gasto,Educación
754,2025-11-13,Agua,1305.08,Gasto,Servicios
755,2025-11-13,Agua,904.1,Gasto,Servicios
756,2025-11-13,Mercado local,312.33,Gasto,Alimentación
757,2025-11-13,Gym,555.35,Gasto,Servicios
758,2025-11-12,Luz CFE,1064.67,Gasto,Servicios
759,2025-11-12,Estacionamiento,87.72,Gasto,Transporte
760,2025-11-12,Gasolina,194.05,Gasto,Transporte
761,2025-11-11,Pizza Dominos,169.82,Gasto,Alimentación
762,2025-11-10,Servicio de auto,217.36,Gasto,Transporte
763,2025-11-10,Taxi,492.65,Gasto,Transporte
764,2025-11-10,Farmacia,895.55,Gasto,Salud
765,2025-11-09,Farmacia,1056.82,Gasto,Salud
766,2025-11-09,Decoración,977.13,Gasto,Hogar
767,2025-11-09,Zapatos,1486.55,Gasto,Ropa
768,2025-11-08,Farmacia,313.81,Gasto,Salud
769,2025-11-08,Papelería,396.29,Gasto,Educación
770,2025-11-08,Restaurante comida rápida,518.8,Gasto,Alimentación
771,2025-11-07,Cine,570.93,Gasto,Entretenimiento
772,2025-11-05,Decoración,1413.12,Gasto,Hogar
773,2025-11-05,Teléfono,505.3,Gasto,Servicios
774,2025-11-05,Libros,559.95,Gasto,Educación
775,2025-11-05,H&M,1390.76,Gasto,Ropa
776,2025-11-04,Nike,1043.62,Gasto,Ropa
777,2025-11-04,DiDi,343.25,Gasto,Transporte
778,2025-11-04,Mercado de ropa,1489.14,Gasto,Ropa
779,2025-11-03,Ropa deportiva,842.95,Gasto,Ropa
780,2025-11-02,Peaje carretera,290.82,Gasto,Transporte
781,2025-11-02,Gym,445.93,Gasto,Servicios
782,2025-11-01,H&M,1465.96,Gasto,Ropa
783,2025-11-01,Universidad,2435.51,Gasto,Educación
784,2025-11-01,Dentista,1338.14,Gasto,Salud
785,2025-11-01,Universidad,2626.89,Gasto,Educación
786,2025-10-31,Colegiatura,1197.23,Gasto,Educación
787,2025-10-31,Cine,144.95,Gasto,Entretenimiento
788,2025-10-30,H&M,655.05,Gasto,Ropa
789,2025-10-29,Agua,1516.14,Gasto,Servicios
790,2025-10-28,Limpieza hogar,1996.9,Gasto,Hogar
791,2025-10-28,Zapatos,1198.82,Gasto,Ropa
792,2025-10-27,Papelería,2722.62,Gasto,Educación
793,2025-10-27,Taxi,140.85,Gasto,Transporte
794,2025-10-27,Restaurante comida rápida,704.94,Gasto,Alimentación
795,2025-10-26,Cursos online,1585.18,Gasto,Educación
796,2025-10-24,Agua,1386.17,Gasto,Servicios
797,2025-10-23,Mantenimiento auto,42.48,Gasto,Transporte
798,2025-10-22,Seguro médico,229.24,Gasto,Salud
799,2025-10-22,Vitaminas,1477.01,Gasto,Salud
800,2025-10-22,Dentista,889.31,Gasto,Salud
801,2025-10-21,Zapatos,506.99,Gasto,Ropa
802,2025-10-21,Videojuegos,412.14,Gasto,Entretenimiento
803,2025-10-21,Sueldo mensual,13119.1,Ingreso,Salario
804,2025-10-21,Gasolina,283.94,Gasto,Transporte
805,2025-10-20,Gas,1261.24,Gasto,Servicios
806,2025-10-20,Disney+,389.14,Gasto,Entretenimiento
807,2025-10-19,Colegiatura,2237.88,Gasto,Educación
808,2025-10-19,Peaje carretera,246.24,Gasto,Transporte
809,2025-10-18,Teléfono,483.7,Gasto,Servicios
810,2025-10-18,Adidas,1440.44,Gasto,Ropa
811,2025-10-17,Teatro,344.99,Gasto,Entretenimiento
812,2025-10-17,Tacos al pastor,521.34,Gasto,Alimentación
813,2025-10-17,Udemy curso,1034.34,Gasto,Educación
814,2025-10-16,Cafetería Starbucks,485.04,Gasto,Alimentación
815,2025-10-15,Seguro,589.35,Gasto,Servicios
816,2025-10-15,Doctor,1175.99,Gasto,Salud
817,2025-10-14,Gym,903.64,Gasto,Servicios
818,2025-10-13,Zara,430.28,Gasto,Ropa
819,2025-10-12,Renta,1775.15,Gasto,Servicios
820,2025-10-12,Internet,636.66,Gasto,Servicios
821,2025-10-11,Internet,1132.55,Gasto,Servicios
822,2025-10-11,Supermercado Walmart,739.1,Gasto,Alimentación
823,2025-10-10,Limpieza hogar,886.48,Gasto,Hogar
824,2025-10-09,DiDi,365.1,Gasto,Transporte
825,2025-10-09,Renta,808.28,Gasto,Servicios
826,2025-10-09,Adidas,1691.95,Gasto,Ropa
827,2025-10-08,Nike,542.33,Gasto,Ropa
828,2025-10-08,Cursos online,1394.84,Gasto,Educación
829,2025-10-07,Renta,399.1,Gasto,Servicios
830,2025-10-07,Videojuegos,587.41,Gasto,Entretenimiento
831,2025-10-06,Sueldo mensual,17795.13,Ingreso,Salario
832,2025-10-06,Estacionamiento,83.87,Gasto,Transporte
833,2025-10-06,Universidad,1392.61,Gasto,Educación
834,2025-10-06,Estacionamiento,494.83,Gasto,Transporte
835,2025-10-05,Subway sandwich,173.35,Gasto,Alimentación
836,2025-10-05,Medicamentos,1408.93,Gasto,Salud
837,2025-10-05,Luz CFE,1596.54,Gasto,Servicios
838,2025-10-04,Reparaciones,2009.58,Gasto,Hogar
839,2025-10-04,Despensa mensual,218.61,Gasto,Alimentación
840,2025-10-03,Peaje carretera,383.27,Gasto,Transporte
841,2025-10-02,Supermercado Walmart,75.53,Gasto,Alimentación
842,2025-10-02,Taxi,359.11,Gasto,Transporte
843,2025-10-01,Limpieza hogar,2213.04,Gasto,Hogar
844,2025-10-01,Transporte público,110.39,Gasto,Transporte
845,2025-10-01,Estacionamiento,455.93,Gasto,Transporte
846,2025-09-30,Servicio de auto,384.75,Gasto,Transporte
847,2025-09-30,Dentista,640.04,Gasto,Salud
848,2025-09-30,Vitaminas,1266.19,Gasto,Salud
849,2025-09-29,Peaje carretera,305.27,Gasto,Transporte
850,2025-09-29,Vitaminas,942.75,Gasto,Salud
851,2025-09-29,Muebles,467.8,Gasto,Hogar
852,2025-09-28,Gasolina,313.35,Gasto,Transporte
853,2025-09-28,Renta,1153.86,Gasto,Servicios
854,2025-09-28,Streaming,206.18,Gasto,Servicios
855,2025-09-27,Supermercado Soriana,484.52,Gasto,Alimentación
856,2025-09-27,Internet,1276.09,Gasto,Servicios
857,2025-09-27,Luz CFE,1990.8,Gasto,Servicios
858,2025-09-26,Electrodomésticos,374.58,Gasto,Hogar
859,2025-09-26,Renta,1088.34,Gasto,Servicios
860,2025-09-25,Coursera,301.36,Gasto,Educación
861,2025-09-25,Electrodomésticos,1213.47,Gasto,Hogar
862,2025-09-24,Servicio de auto,375.41,Gasto,Transporte
863,2025-09-24,DiDi,429.57,Gasto,Transporte
864,2025-09-23,Análisis clínicos,1436.82,Gasto,Salud
865,2025-09-23,Zapatos,652.92,Gasto,Ropa
866,2025-09-23,Electrodomésticos,1348.65,Gasto,Hogar
867,2025-09-22,Decoración,1594.86,Gasto,Hogar
868,2025-09-22,Farmacia,420.77,Gasto,Salud
869,2025-11-20,Dentista,1123.27,Gasto,Salud
870,2025-11-20,Proyecto freelance,4781.79,Ingreso,Freelance
871,2025-11-19,Cafetería Starbucks,469.94,Gasto,Alimentación
872,2025-11-18,Transporte público,323.16,Gasto,Transporte
873,2025-11-17,Pintura,2596.45,Gasto,Hogar
874,2025-11-17,Cafetería Starbucks,590.46,Gasto,Alimentación
875,2025-11-16,Estacionamiento,137.47,Gasto,Transporte
876,2025-11-16,Papelería,1525.14,Gasto,Educación
877,2025-11-16,Pintura,914.4,Gasto,Hogar
878,2025-11-15,Vitaminas,306.03,Gasto,Salud
879,2025-11-15,Teatro,213.76,Gasto,Entretenimiento
880,2025-11-15,Farmacia,1072.11,Gasto,Salud
881,2025-11-15,Luz CFE,1597.02,Gasto,Servicios
882,2025-11-14,Salida con amigos,433.4,Gasto,Entretenimiento
883,2025-11-13,Dentista,326.68,Gasto,Salud
884,2025-11-12,Medicamentos,812.89,Gasto,Salud
885,2025-11-11,Salida con amigos,125.81,Gasto,Entretenimiento
886,2025-11-10,Limpieza hogar,2877.56,Gasto,Hogar
887,2025-11-09,Subway sandwich,347.99,Gasto,Alimentación
888,2025-11-09,Estacionamiento,59.47,Gasto,Transporte
889,2025-11-09,Gasolina,114.79,Gasto,Transporte
890,2025-11-09,Pizza Dominos,473.63,Gasto,Alimentación
891,2025-11-08,Spotify,260.08,Gasto,Entretenimiento
892,2025-11-08,Netflix,495.56,Gasto,Entretenimiento
893,2025-11-08,Mercado de ropa,674.39,Gasto,Ropa
894,2025-11-07,Colegiatura,2536.12,Gasto,Educación
895,2025-11-07,Teatro,256.19,Gasto,Entretenimiento
896,2025-11-07,Renta,1721.67,Gasto,Servicios
897,2025-11-07,Material escolar,204.77,Gasto,Educación
898,2025-11-06,Zapatos,1864.44,Gasto,Ropa
899,2025-11-06,Electrodomésticos,201.98,Gasto,Hogar
900,2025-11-05,Despensa mensual,647.04,Gasto,Alimentación
901,2025-11-05,Sueldo mensual,16180.69,Ingreso,Salario
902,2025-11-05,Reparaciones,1528.35,Gasto,Hogar
903,2025-11-04,Disney+,164.16,Gasto,Entretenimiento
904,2025-11-03,Palacio de Hierro,1125.67,Gasto,Ropa
905,2025-11-02,Estacionamiento,92.72,Gasto,Transporte
906,2025-11-02,Libros,2433.5,Gasto,Educación
907,2025-11-01,Liverpool,864.99,Gasto,Ropa
908,2025-10-31,Material escolar,1363.61,Gasto,Educación
909,2025-10-31,Mercado local,90.56,Gasto,Alimentación
910,2025-10-30,Internet,710.92,Gasto,Servicios
911,2025-10-29,Cursos online,1643.95,Gasto,Educación
912,2025-10-29,Coursera,786.3,Gasto,Educación
913,2025-10-29,Estacionamiento,297.22,Gasto,Transporte
914,2025-10-28,Medicamentos,1194.85,Gasto,Salud
915,2025-10-28,Coursera,2026.66,Gasto,Educación
916,2025-10-27,Muebles,615.1,Gasto,Hogar
917,2025-10-26,Teatro,388.11,Gasto,Entretenimiento
918,2025-10-25,Muebles,1549.8,Gasto,Hogar
919,2025-10-24,Electrodomésticos,1539.54,Gasto,Hogar
920,2025-10-24,Reparaciones,302.4,Gasto,Hogar
921,2025-10-24,DiDi,130.17,Gasto,Transporte
922,2025-10-23,Nike,1051.98,Gasto,Ropa
923,2025-10-23,Servicio de auto,95.9,Gasto,Transporte
924,2025-10-23,Mantenimiento auto,113.68,Gasto,Transporte
925,2025-10-22,Pizza Dominos,79.55,Gasto,Alimentación
926,2025-10-21,Gas,1936.45,Gasto,Servicios
927,2025-10-20,Zara,1638.35,Gasto,Ropa
928,2025-10-19,Zapatos,1418.23,Gasto,Ropa
929,2025-10-18,Farmacia,277.84,Gasto,Salud
930,2025-10-17,Mantenimiento auto,332.77,Gasto,Transporte
931,2025-10-17,Renta,757.84,Gasto,Servicios
932,2025-10-17,Udemy curso,1062.08,Gasto,Educación
933,2025-10-16,Papelería,2506.52,Gasto,Educación
934,2025-10-16,Home Depot,2179.94,Gasto,Hogar
935,2025-10-15,Seguro,979.97,Gasto,Servicios
936,2025-10-15,Consulta médica,1394.53,Gasto,Salud
937,2025-10-14,Concierto,473.65,Gasto,Entretenimiento
938,2025-10-13,Seguro,978.03,Gasto,Servicios
939,2025-10-13,Vitaminas,608.44,Gasto,Salud
940,2025-10-13,Seguro,1380.12,Gasto,Servicios
941,2025-10-12,Decoración,2626.73,Gasto,Hogar
942,2025-10-11,Internet,249.42,Gasto,Servicios
943,2025-10-11,Colegiatura,1578.96,Gasto,Educación
944,2025-10-11,Farmacia,558.5,Gasto,Salud
945,2025-10-10,Universidad,392.39,Gasto,Educación
946,2025-10-09,Liverpool,927.06,Gasto,Ropa
947,2025-10-08,Udemy curso,2467.6,Gasto,Educación
948,2025-10-08,Coursera,1877.0,Gasto,Educación
949,2025-10-07,Amazon Prime,486.76,Gasto,Entretenimiento
950,2025-10-06,Amazon Prime,322.15,Gasto,Entretenimiento
951,2025-10-05,Electrodomésticos,2707.48,Gasto,Hogar
952,2025-10-05,Agua,709.95,Gasto,Servicios
953,2025-10-05,DiDi,36.66,Gasto,Transporte
954,2025-10-04,Restaurante comida rápida,67.0,Gasto,Alimentación
955,2025-10-04,Restaurante comida rápida,659.14,Gasto,Alimentación
956,2025-10-03,Restaurante comida rápida,727.46,Gasto,Alimentación
957,2025-10-03,Gym,628.18,Gasto,Servicios
958,2025-10-02,DiDi,239.09,Gasto,Transporte
959,2025-10-01,Streaming,1060.09,Gasto,Servicios
960,2025-09-30,Cafetería Starbucks,401.83,Gasto,Alimentación
961,2025-09-30,Cafetería Starbucks,68.86,Gasto,Alimentación
962,2025-09-28,Decoración,1319.76,Gasto,Hogar
963,2025-09-28,Servicio de auto,457.99,Gasto,Transporte
964,2025-09-27,Mercado de ropa,814.3,Gasto,Ropa
965,2025-09-26,Material escolar,1389.63,Gasto,Educación
966,2025-09-26,Renta,942.6,Gasto,Servicios
967,2025-09-25,Palacio de Hierro,1220.57,Gasto,Ropa
968,2025-09-25,Mercado de ropa,1242.18,Gasto,Ropa
969,2025-09-25,Coursera,890.72,Gasto,Educación
970,2025-09-24,Estacionamiento,493.15,Gasto,Transporte
971,2025-09-24,Renta,1364.98,Gasto,Servicios
972,2025-09-24,Tacos al pastor,373.68,Gasto,Alimentación
973,2025-09-24,Cine,332.02,Gasto,Entretenimiento
974,2025-09-23,Nike,1590.68,Gasto,Ropa
975,2025-09-23,Zara,1924.58,Gasto,Ropa
976,2025-09-22,Taxi,276.16,Gasto,Transporte
977,2025-11-20,Consulta médica,504.32,Gasto,Salud
978,2025-11-20,Cafetería Starbucks,212.72,Gasto,Alimentación
979,2025-11-20,Trabajo extra,3000.56,Ingreso,Freelance
980,2025-11-19,Palacio de Hierro,917.87,Gasto,Ropa
981,2025-11-19,Medicamentos,725.44,Gasto,Salud
982,2025-11-19,DiDi,276.96,Gasto,Transporte
983,2025-11-18,Videojuegos,444.82,Gasto,Entretenimiento
984,2025-11-18,Reparaciones,1717.34,Gasto,Hogar
985,2025-11-18,Gym,259.38,Gasto,Servicios
986,2025-11-18,Colegiatura,2465.05,Gasto,Educación
987,2025-11-17,Renta,500.83,Gasto,Servicios
988,2025-11-17,Decoración,449.57,Gasto,Hogar
989,2025-11-16,Material escolar,2082.82,Gasto,Educación
990,2025-11-16,Salida con amigos,490.49,Gasto,Entretenimiento
991,2025-11-16,Pizza Dominos,155.88,Gasto,Alimentación
992,2025-11-15,Colegiatura,2041.21,Gasto,Educación
993,2025-11-15,Universidad,380.52,Gasto,Educación
994,2025-11-14,Supermercado Walmart,610.66,Gasto,Alimentación
995,2025-11-14,DiDi,319.66,Gasto,Transporte
996,2025-11-13,Libros,2785.67,Gasto,Educación
997,2025-11-13,Supermercado Soriana,634.9,Gasto,Alimentación
998,2025-11-12,Coursera,844.33,Gasto,Educación
999,2025-11-11,Salida con amigos,259.18,Gasto,Entretenimiento
1000,2025-11-10,Gas,390.01,Gasto,Servicios
1001,2025-11-10,Material escolar,2787.97,Gasto,Educación
1002,2025-11-10,Mantenimiento auto,56.47,Gasto,Transporte
1003,2025-11-09,Mercado local,718.0,Gasto,Alimentación
1004,2025-11-09,Liverpool,374.99,Gasto,Ropa
1005,2025-11-09,Coursera,2835.73,Gasto,Educación
1006,2025-11-08,Disney+,284.38,Gasto,Entretenimiento
1007,2025-11-08,Seguro,358.22,Gasto,Servicios
1008,2025-11-08,Libros,1553.48,Gasto,Educación
1009,2025-11-08,Farmacia,1337.71,Gasto,Salud
1010,2025-11-06,Electrodomésticos,2790.43,Gasto,Hogar
1011,2025-11-05,Agua,1701.71,Gasto,Servicios
1012,2025-11-05,Estacionamiento,435.38,Gasto,Transporte
1013,2025-11-04,Transporte público,431.55,Gasto,Transporte
1014,2025-11-03,Limpieza hogar,2961.61,Gasto,Hogar
1015,2025-11-03,Dentista,290.96,Gasto,Salud
1016,2025-11-02,Netflix,360.88,Gasto,Entretenimiento
1017,2025-11-01,Agua,1968.24,Gasto,Servicios
1018,2025-10-31,Gasolina,316.42,Gasto,Transporte
1019,2025-10-31,Servicio de auto,44.99,Gasto,Transporte
1020,2025-10-30,Udemy curso,2064.89,Gasto,Educación
1021,2025-10-30,Liverpool,443.47,Gasto,Ropa
1022,2025-10-30,Universidad,1233.87,Gasto,Educación
1023,2025-10-29,Amazon Prime,393.9,Gasto,Entretenimiento
1024,2025-10-29,Libros,2127.32,Gasto,Educación
1025,2025-10-28,Internet,1768.08,Gasto,Servicios
1026,2025-10-27,Streaming,1492.01,Gasto,Servicios
1027,2025-10-27,Teléfono,1230.65,Gasto,Servicios
1028,2025-10-27,Limpieza hogar,2126.8,Gasto,Hogar
1029,2025-10-26,Pizza Dominos,135.32,Gasto,Alimentación
1030,2025-10-25,Videojuegos,143.74,Gasto,Entretenimiento
1031,2025-10-25,Papelería,1530.02,Gasto,Educación
1032,2025-10-24,Agua,1025.27,Gasto,Servicios
1033,2025-10-22,DiDi,150.0,Gasto,Transporte
1034,2025-10-21,Material escolar,1121.1,Gasto,Educación
1035,2025-10-21,Sueldo mensual,14088.09,Ingreso,Salario
1036,2025-10-21,Análisis clínicos,628.11,Gasto,Salud
1037,2025-10-21,Concierto,347.43,Gasto,Entretenimiento
1038,2025-10-20,Pizza Dominos,581.78,Gasto,Alimentación
1039,2025-10-20,Doctor,297.28,Gasto,Salud
1040,2025-10-18,Decoración,1900.04,Gasto,Hogar
1041,2025-10-18,Muebles,2058.22,Gasto,Hogar
1042,2025-10-18,Peaje carretera,211.76,Gasto,Transporte
1043,2025-10-18,Disney+,486.72,Gasto,Entretenimiento
1044,2025-10-17,Análisis clínicos,208.98,Gasto,Salud
1045,2025-10-17,Pintura,912.25,Gasto,Hogar
1046,2025-10-17,Streaming,1234.69,Gasto,Servicios
1047,2025-10-16,Muebles,188.9,Gasto,Hogar
1048,2025-10-16,Papelería,2412.25,Gasto,Educación
1049,2025-10-15,Consulta médica,751.22,Gasto,Salud
1050,2025-10-14,Nike,1274.09,Gasto,Ropa
1051,2025-10-13,Peaje carretera,148.61,Gasto,Transporte
1052,2025-10-12,Despensa mensual,739.81,Gasto,Alimentación
1053,2025-10-12,Zara,1545.27,Gasto,Ropa
1054,2025-10-11,Taxi,469.1,Gasto,Transporte
1055,2025-10-11,Cine,234.97,Gasto,Entretenimiento
1056,2025-10-10,Mercado de ropa,1853.07,Gasto,Ropa
1057,2025-10-10,Gasolina,431.57,Gasto,Transporte
1058,2025-10-10,Transporte público,221.13,Gasto,Transporte
1059,2025-10-09,Salida con amigos,185.99,Gasto,Entretenimiento
1060,2025-10-09,Consulta médica,197.13,Gasto,Salud
1061,2025-10-09,Farmacia,1411.37,Gasto,Salud
1062,2025-10-09,Palacio de Hierro,707.23,Gasto,Ropa
1063,2025-10-08,Disney+,264.23,Gasto,Entretenimiento
1064,2025-10-08,Ropa deportiva,1315.64,Gasto,Ropa
1065,2025-10-07,Medicamentos,1109.55,Gasto,Salud
1066,2025-10-07,Tacos al pastor,197.99,Gasto,Alimentación
1067,2025-10-07,Gym,1521.38,Gasto,Servicios
1068,2025-10-07,Streaming,904.47,Gasto,Servicios
1069,2025-10-06,Colegiatura,2808.26,Gasto,Educación
1070,2025-10-06,Coursera,1846.52,Gasto,Educación
1071,2025-10-05,Zapatos,290.28,Gasto,Ropa
1072,2025-10-05,Ropa deportiva,1841.42,Gasto,Ropa
1073,2025-10-02,Palacio de Hierro,879.92,Gasto,Ropa
1074,2025-10-02,Libros,766.04,Gasto,Educación
1075,2025-10-02,Libros,357.28,Gasto,Educación
1076,2025-10-01,Videojuegos,582.66,Gasto,Entretenimiento
1077,2025-09-30,Limpieza hogar,2468.73,Gasto,Hogar
1078,2025-09-28,Uber,71.75,Gasto,Transporte
1079,2025-09-26,Doctor,299.53,Gasto,Salud
1080,2025-09-26,DiDi,478.39,Gasto,Transporte
1081,2025-09-25,Taxi,406.83,Gasto,Transporte
1082,2025-09-25,Renta,540.21,Gasto,Servicios
1083,2025-09-25,Colegiatura,2859.32,Gasto,Educación
1084,2025-09-25,Tacos al pastor,382.94,Gasto,Alimentación
1085,2025-09-24,Transporte público,358.11,Gasto,Transporte
1086,2025-09-23,Subway sandwich,58.14,Gasto,Alimentación
1087,2025-09-23,Peaje carretera,169.24,Gasto,Transporte
1088,2025-09-22,Gas,701.31,Gasto,Servicios
1089,2025-09-22,Doctor,1249.28,Gasto,Salud
1090,2025-09-22,DiDi,116.03,Gasto,Transporte
1091,2025-09-22,Amazon Prime,302.98,Gasto,Entretenimiento
1092,2025-11-20,Teléfono,964.96,Gasto,Servicios
1093,2025-11-20,Pintura,1623.35,Gasto,Hogar
1094,2025-11-20,Disney+,457.5,Gasto,Entretenimiento
1095,2025-11-20,Nike,300.07,Gasto,Ropa
1096,2025-11-19,Material escolar,818.64,Gasto,Educación
1097,2025-11-19,Electrodomésticos,955.18,Gasto,Hogar
1098,2025-11-19,Seguro,1595.49,Gasto,Servicios
1099,2025-11-18,Amazon Prime,270.83,Gasto,Entretenimiento
1100,2025-11-17,Spotify,302.68,Gasto,Entretenimiento
1101,2025-11-16,Udemy curso,368.65,Gasto,Educación
1102,2025-11-16,Transporte público,442.4,Gasto,Transporte
1103,2025-11-16,Internet,1428.25,Gasto,Servicios
1104,2025-11-16,Adidas,1890.67,Gasto,Ropa
1105,2025-11-15,Dentista,988.15,Gasto,Salud
1106,2025-11-15,Doctor,803.61,Gasto,Salud
1107,2025-11-14,Muebles,702.17,Gasto,Hogar
1108,2025-11-14,Nike,264.84,Gasto,Ropa
1109,2025-11-13,Doctor,124.67,Gasto,Salud
1110,2025-11-12,Cursos online,1299.66,Gasto,Educación
1111,2025-11-12,Palacio de Hierro,676.18,Gasto,Ropa
1112,2025-11-11,Adidas,979.32,Gasto,Ropa
1113,2025-11-10,Seguro,414.06,Gasto,Servicios
1114,2025-11-09,Transporte público,206.63,Gasto,Transporte
1115,2025-11-08,Jardinería,1883.22,Gasto,Hogar
1116,2025-11-08,Disney+,462.75,Gasto,Entretenimiento
1117,2025-11-07,Papelería,2651.43,Gasto,Educación
1118,2025-11-07,Gas,241.19,Gasto,Servicios
1119,2025-11-07,Muebles,2285.39,Gasto,Hogar
1120,2025-11-07,Luz CFE,1337.51,Gasto,Servicios
1121,2025-11-06,Teatro,431.67,Gasto,Entretenimiento
1122,2025-11-06,Análisis clínicos,636.46,Gasto,Salud
1123,2025-11-05,Jardinería,1589.34,Gasto,Hogar
1124,2025-11-05,Gas,1444.87,Gasto,Servicios
1125,2025-11-05,Pintura,1919.93,Gasto,Hogar
1126,2025-11-05,Proyecto freelance,7992.96,Ingreso,Freelance
1127,2025-11-04,Teatro,417.51,Gasto,Entretenimiento
1128,2025-11-04,Coursera,1347.68,Gasto,Educación
1129,2025-11-03,Supermercado Walmart,658.47,Gasto,Alimentación
1130,2025-11-03,Spotify,408.18,Gasto,Entretenimiento
1131,2025-11-02,Tacos al pastor,186.54,Gasto,Alimentación
1132,2025-11-02,Jardinería,1283.08,Gasto,Hogar
1133,2025-11-02,Videojuegos,179.08,Gasto,Entretenimiento
1134,2025-11-01,Coursera,1277.66,Gasto,Educación
1135,2025-11-01,Luz CFE,1823.95,Gasto,Servicios
1136,2025-11-01,DiDi,319.15,Gasto,Transporte
1137,2025-10-31,Mercado local,375.27,Gasto,Alimentación
1138,2025-10-31,Mercado de ropa,489.91,Gasto,Ropa
1139,2025-10-30,Videojuegos,253.67,Gasto,Entretenimiento
1140,2025-10-29,Disney+,435.24,Gasto,Entretenimiento
1141,2025-10-29,Internet,689.24,Gasto,Servicios
1142,2025-10-29,Ropa deportiva,1780.99,Gasto,Ropa
1143,2025-10-28,Seguro,1530.52,Gasto,Servicios
1144,2025-10-28,Análisis clínicos,388.42,Gasto,Salud
1145,2025-10-28,Dentista,290.32,Gasto,Salud
1146,2025-10-27,Doctor,749.4,Gasto,Salud
1147,2025-10-27,Estacionamiento,311.97,Gasto,Transporte
1148,2025-10-27,Análisis clínicos,1466.76,Gasto,Salud
1149,2025-10-26,Mercado local,481.23,Gasto,Alimentación
1150,2025-10-25,Farmacia,1437.2,Gasto,Salud
1151,2025-10-24,Seguro médico,382.66,Gasto,Salud
1152,2025-10-24,Agua,301.69,Gasto,Servicios
1153,2025-10-24,Mercado local,87.9,Gasto,Alimentación
1154,2025-10-24,Dentista,1375.75,Gasto,Salud
1155,2025-10-23,Taxi,56.1,Gasto,Transporte
1156,2025-10-23,Teatro,344.25,Gasto,Entretenimiento
1157,2025-10-22,Videojuegos,499.8,Gasto,Entretenimiento
1158,2025-10-22,Liverpool,349.51,Gasto,Ropa
1159,2025-10-21,Servicio de auto,485.35,Gasto,Transporte
1160,2025-10-21,Supermercado Walmart,773.31,Gasto,Alimentación
1161,2025-10-20,Papelería,251.23,Gasto,Educación
1162,2025-10-20,Dentista,147.22,Gasto,Salud
1163,2025-10-20,Electrodomésticos,302.57,Gasto,Hogar
1164,2025-10-19,Nike,1959.88,Gasto,Ropa
1165,2025-10-18,Vitaminas,1136.32,Gasto,Salud
1166,2025-10-18,Colegiatura,2125.31,Gasto,Educación
1167,2025-10-17,Mercado local,350.96,Gasto,Alimentación
1168,2025-10-17,Electrodomésticos,2180.93,Gasto,Hogar
1169,2025-10-17,Renta,826.91,Gasto,Servicios
1170,2025-10-16,Seguro médico,564.34,Gasto,Salud
1171,2025-10-16,Nike,624.58,Gasto,Ropa
1172,2025-10-15,Seguro,1802.26,Gasto,Servicios
1173,2025-10-14,Transporte público,265.82,Gasto,Transporte
1174,2025-10-14,H&M,255.14,Gasto,Ropa
1175,2025-10-14,Home Depot,2084.94,Gasto,Hogar
1176,2025-10-13,Pintura,2224.04,Gasto,Hogar
1177,2025-10-13,Limpieza hogar,2270.61,Gasto,Hogar
1178,2025-10-12,Libros,347.55,Gasto,Educación
1179,2025-10-11,Gasolina,384.14,Gasto,Transporte
1180,2025-10-11,Gas,801.01,Gasto,Servicios
1181,2025-10-11,Subway sandwich,74.6,Gasto,Alimentación
1182,2025-10-10,Palacio de Hierro,1575.34,Gasto,Ropa
1183,2025-10-10,Supermercado Soriana,713.18,Gasto,Alimentación
1184,2025-10-09,Palacio de Hierro,1461.64,Gasto,Ropa
1185,2025-10-07,Consulta médica,694.41,Gasto,Salud
1186,2025-10-06,Seguro médico,836.6,Gasto,Salud
1187,2025-10-05,Decoración,557.66,Gasto,Hogar
1188,2025-10-04,Libros,1429.47,Gasto,Educación
1189,2025-10-04,Análisis clínicos,1338.86,Gasto,Salud
1190,2025-10-03,Supermercado Walmart,629.53,Gasto,Alimentación
1191,2025-10-03,Cine,411.41,Gasto,Entretenimiento
1192,2025-10-03,Peaje carretera,481.56,Gasto,Transporte
1193,2025-10-02,Doctor,824.34,Gasto,Salud
1194,2025-10-02,Seguro médico,1064.8,Gasto,Salud
1195,2025-10-02,Adidas,888.87,Gasto,Ropa
1196,2025-10-02,Estacionamiento,64.94,Gasto,Transporte
1197,2025-10-01,Agua,1415.38,Gasto,Servicios
1198,2025-09-30,Universidad,2412.28,Gasto,Educación
1199,2025-09-30,Adidas,1305.37,Gasto,Ropa
1200,2025-09-29,Reparaciones,1146.55,Gasto,Hogar
1201,2025-09-29,Cursos online,2962.97,Gasto,Educación
1202,2025-09-28,Gas,1416.15,Gasto,Servicios
1203,2025-09-28,Spotify,544.77,Gasto,Entretenimiento
1204,2025-09-28,Cursos online,682.39,Gasto,Educación
1205,2025-09-27,Cursos online,312.95,Gasto,Educación
1206,2025-09-27,Videojuegos,392.07,Gasto,Entretenimiento
1207,2025-09-27,Taxi,255.77,Gasto,Transporte
1208,2025-09-26,Dentista,815.27,Gasto,Salud
1209,2025-09-26,Papelería,2019.76,Gasto,Educación
1210,2025-09-24,Gym,768.19,Gasto,Servicios
1211,2025-09-24,Internet,1307.11,Gasto,Servicios
1212,2025-09-23,Home Depot,1643.38,Gasto,Hogar
1213,2025-09-22,Tacos al pastor,472.93,Gasto,Alimentación
1214,2025-09-22,Udemy curso,2017.72,Gasto,Educación
